Name,Price,Rating
Trendy Shoes Gym Shoes | Sports Shoes | Running Shoes | Exclusive Shoes for Men,299,N/A
Men's Wonder-13 Sports Running Shoes…,548,N/A
Men Sport Shoes | Running Shoes | Casual Walking Shoes | Sneakers,499,N/A
Men's Sports Shoes with Memory Foam Cushioned Insole| Running Walking Gym Training Jogging Athletics| Comfortable & Stylish| Casual & Lightweight|Slipon Sneaker Gent's Boy's ART-2008,"1,599",N/A
"Men's SpartanX Running Shoes - Superior Cushioning, Enhanced Grip TPR Outsole, Superior Traction, Anti Skid, Lightweight, Shock Absorption Tech, Sports Footwear",884,N/A
Men's AERO E Lifestyle,870,N/A
,,N/A
EVA Lite Sport Shoes Running Shoes for Men- Blue,499,N/A
Men's TARZAN-11 Casual Sneaker Shoes with Synthetic Upper Lightweight Comfortable Mid Top Sneaker Shoes for Men's & Boy's,719,N/A
Mens Stride RunnerRunning Shoe,"1,499",N/A
Men's Sports Running Shoes Indus-251,524,N/A
Mens Oxyfit (N) Walking Shoes,749,N/A
8216 Boss-Grip Black Derby Shoes for Men|Birthday Parties|Family Gatherings|School Performances|Flexible|Other Occasions,760,N/A
Exclusive Trendy Sports Running Shoes | Casual Shoe | Sneakers for Men's & Boy's,299,N/A
Mens Sm 675 Walking Shoe,798,N/A
Men's Black Mesh Outdoor Casual Shoes,318,N/A
"Men's Thar-01 Sports Running,Walking & Gym Shoes with Eva Sole Extra Jump Casual Sneaker Shoes for Men's & Boy's",699,N/A
Men NITROEDGE-01 Running and Gym wear Running Shoes with Laces,"1,249",N/A
Casual Sneaker Shoes for Men | Soft Cushioned Insole || MOSCOW-12 Sneakers for Men,695,N/A
Men's Broklyn Walking Shoe,699,N/A
"Men's Wonder Sports Running,Walking & Gym Shoes with Casual Sneaker Lightweight Lace-Up Shoes for Men's Delta-20",844,N/A
Mens Dazzler Sneaker,"1,689",N/A
"Men's Super Light Weight Mid Top Platform Fashion Synthetic Leather Sneakers | Sports, Italian Flexible Casual Shoes for Mens | Ankle Lace-Up Footwear for Men or Boys",949,N/A
Men's TARZAN-04 Casual Sneaker Shoes with Synthetic Upper Lightweight Comfortable Mid Top Sneaker Shoes for Men's & Boy's,602,N/A
Men's North Running Shoe,"1,249",N/A
"Men's Cosco-13 Sports Running,Walking & Gym, School Shoes Lightweight Eva Sole Extra Jump Casual Sneaker Lace-Up Shoes for Men's & Boy's",635,N/A
Men's MEXICO-11 Casual Sneaker Shoes with Synthetic Upper Lightweight Comfortable Mid Top Sneaker Shoes for Men's & Boy's,766,N/A
"Mens I-and Laceup Casual Shoes,","1,529",N/A
"F-04 Running Shoes,Gym Shoes,Training Shoes,Walking Shoes,Sports Shoes for Men…",576,N/A
Men's Running Shoes for Men I Sport Shoes for Boys with Eva Sole for Extra Jump I Casual Shoes for Men Delta-21,811,N/A
Shoes for Trendy Shoes | Casual Shoes | Sports Shoes | Running Shoes,279,N/A
Men's Robust V2 Running Shoe,"1,439",N/A
"Court Shield Non-Marking Badminton Shoes | Enhanced Court Control Outsole for Precision | X-Cushion | Ideal for Indoor, Synthetic & Wooden Surfaces","1,099",N/A
Men's Mesh Running Shoe,872,N/A
Men's Hurricane Running Shoe,"1,094",N/A
Mens Revolution 7 Men's Road Running Shoes Running Shoes,"3,140",N/A
EVA Lite Sport Shoes Running Shoes for Men- Black,499,N/A
"Mens Slipon Walking Shoes Trek Grey,",687,N/A
Men's Mexico-02 Casual Sneaker Shoes,702,N/A
Men's Wish Max Running Shoe,"1,349",N/A
Men's Mesh Running Shoe,"1,086",N/A
Stylish Sneakers Casual Shoes for Men's & Boy's- Black,499,N/A
"Mens 8620 Formal Shoes | Handmade Stitch Formal Slip-On Shoes | Versatile Comfort and Quality | Perfect for Casual and Formal Wear | Premium Craftsmanship, Simple Yet Elegant Design",599,N/A
Men's Sneaker,"1,649",N/A
"Sports Shoes for Men |Latest Stylish Sports Shoes for Men |Lace-Up Lightweight White Shoes for Running, Walking, Gym,Trekking and Hiking Shoes for Men",980,N/A
Women's Ciara Running Shoe,"1,220",N/A
EVA Lite Sport Shoes Running Shoe for Men- Blue,499,N/A
Mens Terminator (N) Running Shoes,"1,449",N/A
"EVA Lite Sports Running,Walking & Gym, School Shoes Lightweight Extra Jump Casual Sneaker Lace-Up Shoes for Men's & Boy's - White",469,N/A
Men's First Running Shoe,"1,199",N/A
Combo of Men's Sports Running Shoes,499,N/A
Mens Fanatic Running Shoe,459,N/A
